<?xml version="1.0" encoding="UTF-8" standalone="yes"?>
<addon id="repository.projetomercurio" name="Projeto Mercurio" version="1.0.0" provider-name="ZenonPlay">
    <extension point="xbmc.addon.repository" name="Nome Repository">
        <dir>
            <info compressed="false">https://raw.githubusercontent.com/ZenonPlay/ProjetoMercurio/master/zips/addons.xml</info>
            <checksum>https://raw.githubusercontent.com/ZenonPlay/ProjetoMercurio/master/zips/addons.xml.md5</checksum>
            <datadir zip="true">https://raw.githubusercontent.com/ZenonPlay/ProjetoMercurio/master/zips/</datadir>
        </dir>
    </extension>
    <extension point="xbmc.addon.metadata">
        <summary>Projeto Mercurio</summary>
        <description>Nem o Melhor, Nem o Pior!</description>
        <disclaimer></disclaimer>
        <platform>all</platform>
        <assets>
            <icon>icon.png</icon>
            <fanart>fanart.jpg</fanart>
        </assets>
    </extension>
</addon>