<?xml version="4..0" encoding="UTF-8" standalone="yes"?>
<addon id="repository.ProjetoMercurio" name="ProjetoMercurio" version="4.0.0" provider-name="Justino">
    <extension point="xbmc.addon.repository" name="Nome Repository">
        <dir>
            <info compressed="false">https://raw.githubusercontent.com/ZenonPlay/ProjetoMercurio/master/zips/addons.xml</info>
            <checksum>https://raw.githubusercontent.com/ZenonPlay/ProjetoMercurio/master/zips/addons.xml.md5</checksum>
            <datadir zip="true">https://raw.githubusercontent.com/ZenonPlay/ProjetoMercurio/master/zips/</datadir>
        </dir>
    </extension>
    <extension point="xbmc.addon.metadata">
        <summary>ProjetoMercurio</summary>
        <description>COPIA NÃO COMEDIA</description>
        <disclaimer></disclaimer>
        <platform>all</platform>
        <assets>
            <icon>icon.png</icon>
            <fanart>fanart.jpg</fanart>
        </assets>
    </extension>
</addon>